<?xml version="1.0" encoding="UTF-8"?>
<rqt_multiplot>
    <table>
        <background_color>#000000</background_color>
        <foreground_color>#eeeeec</foreground_color>
        <link_cursor>false</link_cursor>
        <link_scale>false</link_scale>
        <plots>
			<row_0>
				<column_0>
					<axes>
						<axes>
							<x_axis>
								<custom_title>time</custom_title>
								<title_type>0</title_type>
								<title_visible>true</title_visible>
							</x_axis>
							<y_axis>
								<custom_title>actuation</custom_title>
								<title_type>0</title_type>
								<title_visible>true</title_visible>
							</y_axis>
						</axes>
					</axes>
					<curves>
						<curve_0>
							<axes>
								<x_axis>
									<field></field>
									<field_type>1</field_type>
									<scale>
										<absolute_maximum>1000</absolute_maximum>
										<absolute_minimum>0</absolute_minimum>
										<relative_maximum>0</relative_maximum>
										<relative_minimum>-40</relative_minimum>
										<type>2</type>
									</scale>
									<topic>/gazebo_muscle_interface/robobrain_mouse/Foot1/cmd_activation</topic>
									<type>Float64</type>
								</x_axis>
								<y_axis>
									<field>data</field>
									<field_type>0</field_type>
									<scale>
										<absolute_maximum>1000</absolute_maximum>
										<absolute_minimum>0</absolute_minimum>
										<relative_maximum>0</relative_maximum>
										<relative_minimum>-1000</relative_minimum>
										<type>0</type>
									</scale>
									<topic>/gazebo_muscle_interface/robobrain_mouse/Foot1/cmd_activation</topic>
									<type>Float64</type>
								</y_axis>
							</axes>
							<color>
								<custom_color>#000000</custom_color>
								<type>0</type>
							</color>
							<data>
								<circular_buffer_capacity>1000</circular_buffer_capacity>
								<time_frame_length>10</time_frame_length>
								<type>0</type>
							</data>
							<style>
								<lines_interpolate>false</lines_interpolate>
								<pen_style>1</pen_style>
								<pen_width>1</pen_width>
								<render_antialias>true</render_antialias>
								<steps_invert>false</steps_invert>
								<sticks_baseline>0</sticks_baseline>
								<sticks_orientation>2</sticks_orientation>
								<type>0</type>
							</style>
							<subscriber_queue_size>100</subscriber_queue_size>
							<title>Foot1</title>
						</curve_0>
						<curve_1>
							<axes>
								<x_axis>
									<field></field>
									<field_type>1</field_type>
									<scale>
										<absolute_maximum>1000</absolute_maximum>
										<absolute_minimum>0</absolute_minimum>
										<relative_maximum>0</relative_maximum>
										<relative_minimum>-40</relative_minimum>
										<type>2</type>
									</scale>
									<topic>/gazebo_muscle_interface/robobrain_mouse/Foot2/cmd_activation</topic>
									<type>Float64</type>
								</x_axis>
								<y_axis>
									<field>data</field>
									<field_type>0</field_type>
									<scale>
										<absolute_maximum>1000</absolute_maximum>
										<absolute_minimum>0</absolute_minimum>
										<relative_maximum>0</relative_maximum>
										<relative_minimum>-1000</relative_minimum>
										<type>0</type>
									</scale>
									<topic>/gazebo_muscle_interface/robobrain_mouse/Foot2/cmd_activation</topic>
									<type>Float64</type>
								</y_axis>
							</axes>
							<color>
								<custom_color>#000000</custom_color>
								<type>0</type>
							</color>
							<data>
								<circular_buffer_capacity>1000</circular_buffer_capacity>
								<time_frame_length>10</time_frame_length>
								<type>0</type>
							</data>
							<style>
								<lines_interpolate>false</lines_interpolate>
								<pen_style>1</pen_style>
								<pen_width>1</pen_width>
								<render_antialias>true</render_antialias>
								<steps_invert>false</steps_invert>
								<sticks_baseline>0</sticks_baseline>
								<sticks_orientation>2</sticks_orientation>
								<type>0</type>
							</style>
							<subscriber_queue_size>100</subscriber_queue_size>
							<title>Foot2</title>
						</curve_1>
						<curve_2>
							<axes>
								<x_axis>
									<field></field>
									<field_type>1</field_type>
									<scale>
										<absolute_maximum>1000</absolute_maximum>
										<absolute_minimum>0</absolute_minimum>
										<relative_maximum>0</relative_maximum>
										<relative_minimum>-40</relative_minimum>
										<type>2</type>
									</scale>
									<topic>/gazebo_muscle_interface/robobrain_mouse/Radius1/cmd_activation</topic>
									<type>Float64</type>
								</x_axis>
								<y_axis>
									<field>data</field>
									<field_type>0</field_type>
									<scale>
										<absolute_maximum>1000</absolute_maximum>
										<absolute_minimum>0</absolute_minimum>
										<relative_maximum>0</relative_maximum>
										<relative_minimum>-1000</relative_minimum>
										<type>0</type>
									</scale>
									<topic>/gazebo_muscle_interface/robobrain_mouse/Radius1/cmd_activation</topic>
									<type>Float64</type>
								</y_axis>
							</axes>
							<color>
								<custom_color>#000000</custom_color>
								<type>0</type>
							</color>
							<data>
								<circular_buffer_capacity>1000</circular_buffer_capacity>
								<time_frame_length>10</time_frame_length>
								<type>0</type>
							</data>
							<style>
								<lines_interpolate>false</lines_interpolate>
								<pen_style>1</pen_style>
								<pen_width>1</pen_width>
								<render_antialias>true</render_antialias>
								<steps_invert>false</steps_invert>
								<sticks_baseline>0</sticks_baseline>
								<sticks_orientation>2</sticks_orientation>
								<type>0</type>
							</style>
							<subscriber_queue_size>100</subscriber_queue_size>
							<title>Radius1</title>
						</curve_2>
						<curve_3>
							<axes>
								<x_axis>
									<field></field>
									<field_type>1</field_type>
									<scale>
										<absolute_maximum>1000</absolute_maximum>
										<absolute_minimum>0</absolute_minimum>
										<relative_maximum>0</relative_maximum>
										<relative_minimum>-40</relative_minimum>
										<type>2</type>
									</scale>
									<topic>/gazebo_muscle_interface/robobrain_mouse/Radius2/cmd_activation</topic>
									<type>Float64</type>
								</x_axis>
								<y_axis>
									<field>data</field>
									<field_type>0</field_type>
									<scale>
										<absolute_maximum>1000</absolute_maximum>
										<absolute_minimum>0</absolute_minimum>
										<relative_maximum>0</relative_maximum>
										<relative_minimum>-1000</relative_minimum>
										<type>0</type>
									</scale>
									<topic>/gazebo_muscle_interface/robobrain_mouse/Radius2/cmd_activation</topic>
									<type>Float64</type>
								</y_axis>
							</axes>
							<color>
								<custom_color>#000000</custom_color>
								<type>0</type>
							</color>
							<data>
								<circular_buffer_capacity>1000</circular_buffer_capacity>
								<time_frame_length>10</time_frame_length>
								<type>0</type>
							</data>
							<style>
								<lines_interpolate>false</lines_interpolate>
								<pen_style>1</pen_style>
								<pen_width>1</pen_width>
								<render_antialias>true</render_antialias>
								<steps_invert>false</steps_invert>
								<sticks_baseline>0</sticks_baseline>
								<sticks_orientation>2</sticks_orientation>
								<type>0</type>
							</style>
							<subscriber_queue_size>100</subscriber_queue_size>
							<title>Radius2</title>
						</curve_3>
						<curve_4>
							<axes>
								<x_axis>
									<field></field>
									<field_type>1</field_type>
									<scale>
										<absolute_maximum>1000</absolute_maximum>
										<absolute_minimum>0</absolute_minimum>
										<relative_maximum>0</relative_maximum>
										<relative_minimum>-40</relative_minimum>
										<type>2</type>
									</scale>
									<topic>/gazebo_muscle_interface/robobrain_mouse/Humerus1/cmd_activation</topic>
									<type>Float64</type>
								</x_axis>
								<y_axis>
									<field>data</field>
									<field_type>0</field_type>
									<scale>
										<absolute_maximum>1000</absolute_maximum>
										<absolute_minimum>0</absolute_minimum>
										<relative_maximum>0</relative_maximum>
										<relative_minimum>-1000</relative_minimum>
										<type>0</type>
									</scale>
									<topic>/gazebo_muscle_interface/robobrain_mouse/Humerus1/cmd_activation</topic>
									<type>Float64</type>
								</y_axis>
							</axes>
							<color>
								<custom_color>#000000</custom_color>
								<type>0</type>
							</color>
							<data>
								<circular_buffer_capacity>1000</circular_buffer_capacity>
								<time_frame_length>10</time_frame_length>
								<type>0</type>
							</data>
							<style>
								<lines_interpolate>false</lines_interpolate>
								<pen_style>1</pen_style>
								<pen_width>1</pen_width>
								<render_antialias>true</render_antialias>
								<steps_invert>false</steps_invert>
								<sticks_baseline>0</sticks_baseline>
								<sticks_orientation>2</sticks_orientation>
								<type>0</type>
							</style>
							<subscriber_queue_size>100</subscriber_queue_size>
							<title>Humerus1</title>
						</curve_4>
						<curve_5>
							<axes>
								<x_axis>
									<field></field>
									<field_type>1</field_type>
									<scale>
										<absolute_maximum>1000</absolute_maximum>
										<absolute_minimum>0</absolute_minimum>
										<relative_maximum>0</relative_maximum>
										<relative_minimum>-40</relative_minimum>
										<type>2</type>
									</scale>
									<topic>/gazebo_muscle_interface/robobrain_mouse/Humerus2/cmd_activation</topic>
									<type>Float64</type>
								</x_axis>
								<y_axis>
									<field>data</field>
									<field_type>0</field_type>
									<scale>
										<absolute_maximum>1000</absolute_maximum>
										<absolute_minimum>0</absolute_minimum>
										<relative_maximum>0</relative_maximum>
										<relative_minimum>-1000</relative_minimum>
										<type>0</type>
									</scale>
									<topic>/gazebo_muscle_interface/robobrain_mouse/Humerus2/cmd_activation</topic>
									<type>Float64</type>
								</y_axis>
							</axes>
							<color>
								<custom_color>#000000</custom_color>
								<type>0</type>
							</color>
							<data>
								<circular_buffer_capacity>1000</circular_buffer_capacity>
								<time_frame_length>10</time_frame_length>
								<type>0</type>
							</data>
							<style>
								<lines_interpolate>false</lines_interpolate>
								<pen_style>1</pen_style>
								<pen_width>1</pen_width>
								<render_antialias>true</render_antialias>
								<steps_invert>false</steps_invert>
								<sticks_baseline>0</sticks_baseline>
								<sticks_orientation>2</sticks_orientation>
								<type>0</type>
							</style>
							<subscriber_queue_size>100</subscriber_queue_size>
							<title>Humerus2</title>
						</curve_5>
					</curves>
					<legend>
						<visible>true</visible>
					</legend>
					<plot_rate>30</plot_rate>
					<title>Muscle Actuation</title>
				</column_0>
				<column_1>
					<axes>
						<axes>
							<x_axis>
								<custom_title>time</custom_title>
								<title_type>0</title_type>
								<title_visible>true</title_visible>
							</x_axis>
							<y_axis>
								<custom_title>sensors</custom_title>
								<title_type>0</title_type>
								<title_visible>true</title_visible>
							</y_axis>
						</axes>
					</axes>
					<curves>
						<curve_0>
							<axes>
								<x_axis>
									<field></field>
									<field_type>1</field_type>
									<scale>
										<absolute_maximum>1000</absolute_maximum>
										<absolute_minimum>0</absolute_minimum>
										<relative_maximum>0</relative_maximum>
										<relative_minimum>-40</relative_minimum>
										<type>2</type>
									</scale>
									<topic>/gazebo_muscle_interface/robobrain_mouse/muscle_states</topic>
									<type>gazebo_ros_muscle_interface/MuscleStates</type>
								</x_axis>
								<y_axis>
									<field>muscles/0/length</field>
									<field_type>0</field_type>
									<scale>
										<absolute_maximum>1000</absolute_maximum>
										<absolute_minimum>0</absolute_minimum>
										<relative_maximum>0</relative_maximum>
										<relative_minimum>-1000</relative_minimum>
										<type>0</type>
									</scale>
									<topic>/gazebo_muscle_interface/robobrain_mouse/muscle_states</topic>
									<type>gazebo_ros_muscle_interface/MuscleStates</type>
								</y_axis>
							</axes>
							<color>
								<custom_color>#000000</custom_color>
								<type>0</type>
							</color>
							<data>
								<circular_buffer_capacity>1000</circular_buffer_capacity>
								<time_frame_length>10</time_frame_length>
								<type>0</type>
							</data>
							<style>
								<lines_interpolate>false</lines_interpolate>
								<pen_style>1</pen_style>
								<pen_width>1</pen_width>
								<render_antialias>true</render_antialias>
								<steps_invert>false</steps_invert>
								<sticks_baseline>0</sticks_baseline>
								<sticks_orientation>2</sticks_orientation>
								<type>0</type>
							</style>
							<subscriber_queue_size>100</subscriber_queue_size>
							<title>Foot1</title>
						</curve_0>
						<curve_1>
							<axes>
								<x_axis>
									<field></field>
									<field_type>1</field_type>
									<scale>
										<absolute_maximum>1000</absolute_maximum>
										<absolute_minimum>0</absolute_minimum>
										<relative_maximum>0</relative_maximum>
										<relative_minimum>-40</relative_minimum>
										<type>2</type>
									</scale>
									<topic>/gazebo_muscle_interface/robobrain_mouse/muscle_states</topic>
									<type>gazebo_ros_muscle_interface/MuscleStates</type>
								</x_axis>
								<y_axis>
									<field>muscles/1/length</field>
									<field_type>0</field_type>
									<scale>
										<absolute_maximum>1000</absolute_maximum>
										<absolute_minimum>0</absolute_minimum>
										<relative_maximum>0</relative_maximum>
										<relative_minimum>-1000</relative_minimum>
										<type>0</type>
									</scale>
									<topic>/gazebo_muscle_interface/robobrain_mouse/muscle_states</topic>
									<type>gazebo_ros_muscle_interface/MuscleStates</type>
								</y_axis>
							</axes>
							<color>
								<custom_color>#000000</custom_color>
								<type>0</type>
							</color>
							<data>
								<circular_buffer_capacity>1000</circular_buffer_capacity>
								<time_frame_length>10</time_frame_length>
								<type>0</type>
							</data>
							<style>
								<lines_interpolate>false</lines_interpolate>
								<pen_style>1</pen_style>
								<pen_width>1</pen_width>
								<render_antialias>true</render_antialias>
								<steps_invert>false</steps_invert>
								<sticks_baseline>0</sticks_baseline>
								<sticks_orientation>2</sticks_orientation>
								<type>0</type>
							</style>
							<subscriber_queue_size>100</subscriber_queue_size>
							<title>Foot2</title>
						</curve_1>
						<curve_2>
							<axes>
								<x_axis>
									<field></field>
									<field_type>1</field_type>
									<scale>
										<absolute_maximum>1000</absolute_maximum>
										<absolute_minimum>0</absolute_minimum>
										<relative_maximum>0</relative_maximum>
										<relative_minimum>-40</relative_minimum>
										<type>2</type>
									</scale>
									<topic>/gazebo_muscle_interface/robobrain_mouse/muscle_states</topic>
									<type>gazebo_ros_muscle_interface/MuscleStates</type>
								</x_axis>
								<y_axis>
									<field>muscles/2/length</field>
									<field_type>0</field_type>
									<scale>
										<absolute_maximum>1000</absolute_maximum>
										<absolute_minimum>0</absolute_minimum>
										<relative_maximum>0</relative_maximum>
										<relative_minimum>-1000</relative_minimum>
										<type>0</type>
									</scale>
									<topic>/gazebo_muscle_interface/robobrain_mouse/muscle_states</topic>
									<type>gazebo_ros_muscle_interface/MuscleStates</type>
								</y_axis>
							</axes>
							<color>
								<custom_color>#000000</custom_color>
								<type>0</type>
							</color>
							<data>
								<circular_buffer_capacity>1000</circular_buffer_capacity>
								<time_frame_length>10</time_frame_length>
								<type>0</type>
							</data>
							<style>
								<lines_interpolate>false</lines_interpolate>
								<pen_style>1</pen_style>
								<pen_width>1</pen_width>
								<render_antialias>true</render_antialias>
								<steps_invert>false</steps_invert>
								<sticks_baseline>0</sticks_baseline>
								<sticks_orientation>2</sticks_orientation>
								<type>0</type>
							</style>
							<subscriber_queue_size>100</subscriber_queue_size>
							<title>Radius1</title>
						</curve_2>
						<curve_3>
							<axes>
								<x_axis>
									<field></field>
									<field_type>1</field_type>
									<scale>
										<absolute_maximum>1000</absolute_maximum>
										<absolute_minimum>0</absolute_minimum>
										<relative_maximum>0</relative_maximum>
										<relative_minimum>-40</relative_minimum>
										<type>2</type>
									</scale>
									<topic>/gazebo_muscle_interface/robobrain_mouse/muscle_states</topic>
									<type>gazebo_ros_muscle_interface/MuscleStates</type>
								</x_axis>
								<y_axis>
									<field>muscles/3/length</field>
									<field_type>0</field_type>
									<scale>
										<absolute_maximum>1000</absolute_maximum>
										<absolute_minimum>0</absolute_minimum>
										<relative_maximum>0</relative_maximum>
										<relative_minimum>-1000</relative_minimum>
										<type>0</type>
									</scale>
									<topic>/gazebo_muscle_interface/robobrain_mouse/muscle_states</topic>
									<type>gazebo_ros_muscle_interface/MuscleStates</type>
								</y_axis>
							</axes>
							<color>
								<custom_color>#000000</custom_color>
								<type>0</type>
							</color>
							<data>
								<circular_buffer_capacity>1000</circular_buffer_capacity>
								<time_frame_length>10</time_frame_length>
								<type>0</type>
							</data>
							<style>
								<lines_interpolate>false</lines_interpolate>
								<pen_style>1</pen_style>
								<pen_width>1</pen_width>
								<render_antialias>true</render_antialias>
								<steps_invert>false</steps_invert>
								<sticks_baseline>0</sticks_baseline>
								<sticks_orientation>2</sticks_orientation>
								<type>0</type>
							</style>
							<subscriber_queue_size>100</subscriber_queue_size>
							<title>Radius2</title>
						</curve_3>
						<curve_4>
							<axes>
								<x_axis>
									<field></field>
									<field_type>1</field_type>
									<scale>
										<absolute_maximum>1000</absolute_maximum>
										<absolute_minimum>0</absolute_minimum>
										<relative_maximum>0</relative_maximum>
										<relative_minimum>-40</relative_minimum>
										<type>2</type>
									</scale>
									<topic>/gazebo_muscle_interface/robobrain_mouse/muscle_states</topic>
									<type>gazebo_ros_muscle_interface/MuscleStates</type>
								</x_axis>
								<y_axis>
									<field>muscles/4/length</field>
									<field_type>0</field_type>
									<scale>
										<absolute_maximum>1000</absolute_maximum>
										<absolute_minimum>0</absolute_minimum>
										<relative_maximum>0</relative_maximum>
										<relative_minimum>-1000</relative_minimum>
										<type>0</type>
									</scale>
									<topic>/gazebo_muscle_interface/robobrain_mouse/muscle_states</topic>
									<type>gazebo_ros_muscle_interface/MuscleStates</type>
								</y_axis>
							</axes>
							<color>
								<custom_color>#000000</custom_color>
								<type>0</type>
							</color>
							<data>
								<circular_buffer_capacity>1000</circular_buffer_capacity>
								<time_frame_length>10</time_frame_length>
								<type>0</type>
							</data>
							<style>
								<lines_interpolate>false</lines_interpolate>
								<pen_style>1</pen_style>
								<pen_width>1</pen_width>
								<render_antialias>true</render_antialias>
								<steps_invert>false</steps_invert>
								<sticks_baseline>0</sticks_baseline>
								<sticks_orientation>2</sticks_orientation>
								<type>0</type>
							</style>
							<subscriber_queue_size>100</subscriber_queue_size>
							<title>Humerus1</title>
						</curve_4>
						<curve_5>
							<axes>
								<x_axis>
									<field></field>
									<field_type>1</field_type>
									<scale>
										<absolute_maximum>1000</absolute_maximum>
										<absolute_minimum>0</absolute_minimum>
										<relative_maximum>0</relative_maximum>
										<relative_minimum>-40</relative_minimum>
										<type>2</type>
									</scale>
									<topic>/gazebo_muscle_interface/robobrain_mouse/muscle_states</topic>
									<type>gazebo_ros_muscle_interface/MuscleStates</type>
								</x_axis>
								<y_axis>
									<field>muscles/5/length</field>
									<field_type>0</field_type>
									<scale>
										<absolute_maximum>1000</absolute_maximum>
										<absolute_minimum>0</absolute_minimum>
										<relative_maximum>0</relative_maximum>
										<relative_minimum>-1000</relative_minimum>
										<type>0</type>
									</scale>
									<topic>/gazebo_muscle_interface/robobrain_mouse/muscle_states</topic>
									<type>gazebo_ros_muscle_interface/MuscleStates</type>
								</y_axis>
							</axes>
							<color>
								<custom_color>#000000</custom_color>
								<type>0</type>
							</color>
							<data>
								<circular_buffer_capacity>1000</circular_buffer_capacity>
								<time_frame_length>10</time_frame_length>
								<type>0</type>
							</data>
							<style>
								<lines_interpolate>false</lines_interpolate>
								<pen_style>1</pen_style>
								<pen_width>1</pen_width>
								<render_antialias>true</render_antialias>
								<steps_invert>false</steps_invert>
								<sticks_baseline>0</sticks_baseline>
								<sticks_orientation>2</sticks_orientation>
								<type>0</type>
							</style>
							<subscriber_queue_size>100</subscriber_queue_size>
							<title>Humerus2</title>
						</curve_5>
					</curves>
					<legend>
						<visible>true</visible>
					</legend>
					<plot_rate>30</plot_rate>
					<title>Muscle Sensors length</title>
				</column_1>
			</row_0>
			<row_1>
				<column_0>
					<axes>
						<axes>
							<x_axis>
								<custom_title>time</custom_title>
								<title_type>0</title_type>
								<title_visible>true</title_visible>
							</x_axis>
							<y_axis>
								<custom_title>sensors</custom_title>
								<title_type>0</title_type>
								<title_visible>true</title_visible>
							</y_axis>
						</axes>
					</axes>
					<curves>
						<curve_0>
							<axes>
								<x_axis>
									<field></field>
									<field_type>1</field_type>
									<scale>
										<absolute_maximum>1000</absolute_maximum>
										<absolute_minimum>0</absolute_minimum>
										<relative_maximum>0</relative_maximum>
										<relative_minimum>-40</relative_minimum>
										<type>2</type>
									</scale>
									<topic>/gazebo_muscle_interface/robobrain_mouse/muscle_states</topic>
									<type>gazebo_ros_muscle_interface/MuscleStates</type>
								</x_axis>
								<y_axis>
									<field>muscles/0/lengthening_speed</field>
									<field_type>0</field_type>
									<scale>
										<absolute_maximum>1000</absolute_maximum>
										<absolute_minimum>0</absolute_minimum>
										<relative_maximum>0</relative_maximum>
										<relative_minimum>-1000</relative_minimum>
										<type>0</type>
									</scale>
									<topic>/gazebo_muscle_interface/robobrain_mouse/muscle_states</topic>
									<type>gazebo_ros_muscle_interface/MuscleStates</type>
								</y_axis>
							</axes>
							<color>
								<custom_color>#000000</custom_color>
								<type>0</type>
							</color>
							<data>
								<circular_buffer_capacity>1000</circular_buffer_capacity>
								<time_frame_length>10</time_frame_length>
								<type>0</type>
							</data>
							<style>
								<lines_interpolate>false</lines_interpolate>
								<pen_style>1</pen_style>
								<pen_width>1</pen_width>
								<render_antialias>true</render_antialias>
								<steps_invert>false</steps_invert>
								<sticks_baseline>0</sticks_baseline>
								<sticks_orientation>2</sticks_orientation>
								<type>0</type>
							</style>
							<subscriber_queue_size>100</subscriber_queue_size>
							<title>Foot1</title>
						</curve_0>
						<curve_1>
							<axes>
								<x_axis>
									<field></field>
									<field_type>1</field_type>
									<scale>
										<absolute_maximum>1000</absolute_maximum>
										<absolute_minimum>0</absolute_minimum>
										<relative_maximum>0</relative_maximum>
										<relative_minimum>-40</relative_minimum>
										<type>2</type>
									</scale>
									<topic>/gazebo_muscle_interface/robobrain_mouse/muscle_states</topic>
									<type>gazebo_ros_muscle_interface/MuscleStates</type>
								</x_axis>
								<y_axis>
									<field>muscles/1/lengthening_speed</field>
									<field_type>0</field_type>
									<scale>
										<absolute_maximum>1000</absolute_maximum>
										<absolute_minimum>0</absolute_minimum>
										<relative_maximum>0</relative_maximum>
										<relative_minimum>-1000</relative_minimum>
										<type>0</type>
									</scale>
									<topic>/gazebo_muscle_interface/robobrain_mouse/muscle_states</topic>
									<type>gazebo_ros_muscle_interface/MuscleStates</type>
								</y_axis>
							</axes>
							<color>
								<custom_color>#000000</custom_color>
								<type>0</type>
							</color>
							<data>
								<circular_buffer_capacity>1000</circular_buffer_capacity>
								<time_frame_length>10</time_frame_length>
								<type>0</type>
							</data>
							<style>
								<lines_interpolate>false</lines_interpolate>
								<pen_style>1</pen_style>
								<pen_width>1</pen_width>
								<render_antialias>true</render_antialias>
								<steps_invert>false</steps_invert>
								<sticks_baseline>0</sticks_baseline>
								<sticks_orientation>2</sticks_orientation>
								<type>0</type>
							</style>
							<subscriber_queue_size>100</subscriber_queue_size>
							<title>Foot2</title>
						</curve_1>
						<curve_2>
							<axes>
								<x_axis>
									<field></field>
									<field_type>1</field_type>
									<scale>
										<absolute_maximum>1000</absolute_maximum>
										<absolute_minimum>0</absolute_minimum>
										<relative_maximum>0</relative_maximum>
										<relative_minimum>-40</relative_minimum>
										<type>2</type>
									</scale>
									<topic>/gazebo_muscle_interface/robobrain_mouse/muscle_states</topic>
									<type>gazebo_ros_muscle_interface/MuscleStates</type>
								</x_axis>
								<y_axis>
									<field>muscles/2/lengthening_speed</field>
									<field_type>0</field_type>
									<scale>
										<absolute_maximum>1000</absolute_maximum>
										<absolute_minimum>0</absolute_minimum>
										<relative_maximum>0</relative_maximum>
										<relative_minimum>-1000</relative_minimum>
										<type>0</type>
									</scale>
									<topic>/gazebo_muscle_interface/robobrain_mouse/muscle_states</topic>
									<type>gazebo_ros_muscle_interface/MuscleStates</type>
								</y_axis>
							</axes>
							<color>
								<custom_color>#000000</custom_color>
								<type>0</type>
							</color>
							<data>
								<circular_buffer_capacity>1000</circular_buffer_capacity>
								<time_frame_length>10</time_frame_length>
								<type>0</type>
							</data>
							<style>
								<lines_interpolate>false</lines_interpolate>
								<pen_style>1</pen_style>
								<pen_width>1</pen_width>
								<render_antialias>true</render_antialias>
								<steps_invert>false</steps_invert>
								<sticks_baseline>0</sticks_baseline>
								<sticks_orientation>2</sticks_orientation>
								<type>0</type>
							</style>
							<subscriber_queue_size>100</subscriber_queue_size>
							<title>Radius1</title>
						</curve_2>
						<curve_3>
							<axes>
								<x_axis>
									<field></field>
									<field_type>1</field_type>
									<scale>
										<absolute_maximum>1000</absolute_maximum>
										<absolute_minimum>0</absolute_minimum>
										<relative_maximum>0</relative_maximum>
										<relative_minimum>-40</relative_minimum>
										<type>2</type>
									</scale>
									<topic>/gazebo_muscle_interface/robobrain_mouse/muscle_states</topic>
									<type>gazebo_ros_muscle_interface/MuscleStates</type>
								</x_axis>
								<y_axis>
									<field>muscles/3/lengthening_speed</field>
									<field_type>0</field_type>
									<scale>
										<absolute_maximum>1000</absolute_maximum>
										<absolute_minimum>0</absolute_minimum>
										<relative_maximum>0</relative_maximum>
										<relative_minimum>-1000</relative_minimum>
										<type>0</type>
									</scale>
									<topic>/gazebo_muscle_interface/robobrain_mouse/muscle_states</topic>
									<type>gazebo_ros_muscle_interface/MuscleStates</type>
								</y_axis>
							</axes>
							<color>
								<custom_color>#000000</custom_color>
								<type>0</type>
							</color>
							<data>
								<circular_buffer_capacity>1000</circular_buffer_capacity>
								<time_frame_length>10</time_frame_length>
								<type>0</type>
							</data>
							<style>
								<lines_interpolate>false</lines_interpolate>
								<pen_style>1</pen_style>
								<pen_width>1</pen_width>
								<render_antialias>true</render_antialias>
								<steps_invert>false</steps_invert>
								<sticks_baseline>0</sticks_baseline>
								<sticks_orientation>2</sticks_orientation>
								<type>0</type>
							</style>
							<subscriber_queue_size>100</subscriber_queue_size>
							<title>Radius2</title>
						</curve_3>
						<curve_4>
							<axes>
								<x_axis>
									<field></field>
									<field_type>1</field_type>
									<scale>
										<absolute_maximum>1000</absolute_maximum>
										<absolute_minimum>0</absolute_minimum>
										<relative_maximum>0</relative_maximum>
										<relative_minimum>-40</relative_minimum>
										<type>2</type>
									</scale>
									<topic>/gazebo_muscle_interface/robobrain_mouse/muscle_states</topic>
									<type>gazebo_ros_muscle_interface/MuscleStates</type>
								</x_axis>
								<y_axis>
									<field>muscles/4/lengthening_speed</field>
									<field_type>0</field_type>
									<scale>
										<absolute_maximum>1000</absolute_maximum>
										<absolute_minimum>0</absolute_minimum>
										<relative_maximum>0</relative_maximum>
										<relative_minimum>-1000</relative_minimum>
										<type>0</type>
									</scale>
									<topic>/gazebo_muscle_interface/robobrain_mouse/muscle_states</topic>
									<type>gazebo_ros_muscle_interface/MuscleStates</type>
								</y_axis>
							</axes>
							<color>
								<custom_color>#000000</custom_color>
								<type>0</type>
							</color>
							<data>
								<circular_buffer_capacity>1000</circular_buffer_capacity>
								<time_frame_length>10</time_frame_length>
								<type>0</type>
							</data>
							<style>
								<lines_interpolate>false</lines_interpolate>
								<pen_style>1</pen_style>
								<pen_width>1</pen_width>
								<render_antialias>true</render_antialias>
								<steps_invert>false</steps_invert>
								<sticks_baseline>0</sticks_baseline>
								<sticks_orientation>2</sticks_orientation>
								<type>0</type>
							</style>
							<subscriber_queue_size>100</subscriber_queue_size>
							<title>Humerus1</title>
						</curve_4>
						<curve_5>
							<axes>
								<x_axis>
									<field></field>
									<field_type>1</field_type>
									<scale>
										<absolute_maximum>1000</absolute_maximum>
										<absolute_minimum>0</absolute_minimum>
										<relative_maximum>0</relative_maximum>
										<relative_minimum>-40</relative_minimum>
										<type>2</type>
									</scale>
									<topic>/gazebo_muscle_interface/robobrain_mouse/muscle_states</topic>
									<type>gazebo_ros_muscle_interface/MuscleStates</type>
								</x_axis>
								<y_axis>
									<field>muscles/5/lengthening_speed</field>
									<field_type>0</field_type>
									<scale>
										<absolute_maximum>1000</absolute_maximum>
										<absolute_minimum>0</absolute_minimum>
										<relative_maximum>0</relative_maximum>
										<relative_minimum>-1000</relative_minimum>
										<type>0</type>
									</scale>
									<topic>/gazebo_muscle_interface/robobrain_mouse/muscle_states</topic>
									<type>gazebo_ros_muscle_interface/MuscleStates</type>
								</y_axis>
							</axes>
							<color>
								<custom_color>#000000</custom_color>
								<type>0</type>
							</color>
							<data>
								<circular_buffer_capacity>1000</circular_buffer_capacity>
								<time_frame_length>10</time_frame_length>
								<type>0</type>
							</data>
							<style>
								<lines_interpolate>false</lines_interpolate>
								<pen_style>1</pen_style>
								<pen_width>1</pen_width>
								<render_antialias>true</render_antialias>
								<steps_invert>false</steps_invert>
								<sticks_baseline>0</sticks_baseline>
								<sticks_orientation>2</sticks_orientation>
								<type>0</type>
							</style>
							<subscriber_queue_size>100</subscriber_queue_size>
							<title>Humerus2</title>
						</curve_5>
					</curves>
					<legend>
						<visible>true</visible>
					</legend>
					<plot_rate>30</plot_rate>
					<title>Muscle Sensors lengthening_speed</title>
				</column_0>
				<column_1>
					<axes>
						<axes>
							<x_axis>
								<custom_title>time</custom_title>
								<title_type>0</title_type>
								<title_visible>true</title_visible>
							</x_axis>
							<y_axis>
								<custom_title>sensors</custom_title>
								<title_type>0</title_type>
								<title_visible>true</title_visible>
							</y_axis>
						</axes>
					</axes>
					<curves>
						<curve_0>
							<axes>
								<x_axis>
									<field></field>
									<field_type>1</field_type>
									<scale>
										<absolute_maximum>1000</absolute_maximum>
										<absolute_minimum>0</absolute_minimum>
										<relative_maximum>0</relative_maximum>
										<relative_minimum>-40</relative_minimum>
										<type>2</type>
									</scale>
									<topic>/gazebo_muscle_interface/robobrain_mouse/muscle_states</topic>
									<type>gazebo_ros_muscle_interface/MuscleStates</type>
								</x_axis>
								<y_axis>
									<field>muscles/0/force</field>
									<field_type>0</field_type>
									<scale>
										<absolute_maximum>1000</absolute_maximum>
										<absolute_minimum>0</absolute_minimum>
										<relative_maximum>0</relative_maximum>
										<relative_minimum>-1000</relative_minimum>
										<type>0</type>
									</scale>
									<topic>/gazebo_muscle_interface/robobrain_mouse/muscle_states</topic>
									<type>gazebo_ros_muscle_interface/MuscleStates</type>
								</y_axis>
							</axes>
							<color>
								<custom_color>#000000</custom_color>
								<type>0</type>
							</color>
							<data>
								<circular_buffer_capacity>1000</circular_buffer_capacity>
								<time_frame_length>10</time_frame_length>
								<type>0</type>
							</data>
							<style>
								<lines_interpolate>false</lines_interpolate>
								<pen_style>1</pen_style>
								<pen_width>1</pen_width>
								<render_antialias>true</render_antialias>
								<steps_invert>false</steps_invert>
								<sticks_baseline>0</sticks_baseline>
								<sticks_orientation>2</sticks_orientation>
								<type>0</type>
							</style>
							<subscriber_queue_size>100</subscriber_queue_size>
							<title>Foot1</title>
						</curve_0>
						<curve_1>
							<axes>
								<x_axis>
									<field></field>
									<field_type>1</field_type>
									<scale>
										<absolute_maximum>1000</absolute_maximum>
										<absolute_minimum>0</absolute_minimum>
										<relative_maximum>0</relative_maximum>
										<relative_minimum>-40</relative_minimum>
										<type>2</type>
									</scale>
									<topic>/gazebo_muscle_interface/robobrain_mouse/muscle_states</topic>
									<type>gazebo_ros_muscle_interface/MuscleStates</type>
								</x_axis>
								<y_axis>
									<field>muscles/1/force</field>
									<field_type>0</field_type>
									<scale>
										<absolute_maximum>1000</absolute_maximum>
										<absolute_minimum>0</absolute_minimum>
										<relative_maximum>0</relative_maximum>
										<relative_minimum>-1000</relative_minimum>
										<type>0</type>
									</scale>
									<topic>/gazebo_muscle_interface/robobrain_mouse/muscle_states</topic>
									<type>gazebo_ros_muscle_interface/MuscleStates</type>
								</y_axis>
							</axes>
							<color>
								<custom_color>#000000</custom_color>
								<type>0</type>
							</color>
							<data>
								<circular_buffer_capacity>1000</circular_buffer_capacity>
								<time_frame_length>10</time_frame_length>
								<type>0</type>
							</data>
							<style>
								<lines_interpolate>false</lines_interpolate>
								<pen_style>1</pen_style>
								<pen_width>1</pen_width>
								<render_antialias>true</render_antialias>
								<steps_invert>false</steps_invert>
								<sticks_baseline>0</sticks_baseline>
								<sticks_orientation>2</sticks_orientation>
								<type>0</type>
							</style>
							<subscriber_queue_size>100</subscriber_queue_size>
							<title>Foot2</title>
						</curve_1>
						<curve_2>
							<axes>
								<x_axis>
									<field></field>
									<field_type>1</field_type>
									<scale>
										<absolute_maximum>1000</absolute_maximum>
										<absolute_minimum>0</absolute_minimum>
										<relative_maximum>0</relative_maximum>
										<relative_minimum>-40</relative_minimum>
										<type>2</type>
									</scale>
									<topic>/gazebo_muscle_interface/robobrain_mouse/muscle_states</topic>
									<type>gazebo_ros_muscle_interface/MuscleStates</type>
								</x_axis>
								<y_axis>
									<field>muscles/2/force</field>
									<field_type>0</field_type>
									<scale>
										<absolute_maximum>1000</absolute_maximum>
										<absolute_minimum>0</absolute_minimum>
										<relative_maximum>0</relative_maximum>
										<relative_minimum>-1000</relative_minimum>
										<type>0</type>
									</scale>
									<topic>/gazebo_muscle_interface/robobrain_mouse/muscle_states</topic>
									<type>gazebo_ros_muscle_interface/MuscleStates</type>
								</y_axis>
							</axes>
							<color>
								<custom_color>#000000</custom_color>
								<type>0</type>
							</color>
							<data>
								<circular_buffer_capacity>1000</circular_buffer_capacity>
								<time_frame_length>10</time_frame_length>
								<type>0</type>
							</data>
							<style>
								<lines_interpolate>false</lines_interpolate>
								<pen_style>1</pen_style>
								<pen_width>1</pen_width>
								<render_antialias>true</render_antialias>
								<steps_invert>false</steps_invert>
								<sticks_baseline>0</sticks_baseline>
								<sticks_orientation>2</sticks_orientation>
								<type>0</type>
							</style>
							<subscriber_queue_size>100</subscriber_queue_size>
							<title>Radius1</title>
						</curve_2>
						<curve_3>
							<axes>
								<x_axis>
									<field></field>
									<field_type>1</field_type>
									<scale>
										<absolute_maximum>1000</absolute_maximum>
										<absolute_minimum>0</absolute_minimum>
										<relative_maximum>0</relative_maximum>
										<relative_minimum>-40</relative_minimum>
										<type>2</type>
									</scale>
									<topic>/gazebo_muscle_interface/robobrain_mouse/muscle_states</topic>
									<type>gazebo_ros_muscle_interface/MuscleStates</type>
								</x_axis>
								<y_axis>
									<field>muscles/3/force</field>
									<field_type>0</field_type>
									<scale>
										<absolute_maximum>1000</absolute_maximum>
										<absolute_minimum>0</absolute_minimum>
										<relative_maximum>0</relative_maximum>
										<relative_minimum>-1000</relative_minimum>
										<type>0</type>
									</scale>
									<topic>/gazebo_muscle_interface/robobrain_mouse/muscle_states</topic>
									<type>gazebo_ros_muscle_interface/MuscleStates</type>
								</y_axis>
							</axes>
							<color>
								<custom_color>#000000</custom_color>
								<type>0</type>
							</color>
							<data>
								<circular_buffer_capacity>1000</circular_buffer_capacity>
								<time_frame_length>10</time_frame_length>
								<type>0</type>
							</data>
							<style>
								<lines_interpolate>false</lines_interpolate>
								<pen_style>1</pen_style>
								<pen_width>1</pen_width>
								<render_antialias>true</render_antialias>
								<steps_invert>false</steps_invert>
								<sticks_baseline>0</sticks_baseline>
								<sticks_orientation>2</sticks_orientation>
								<type>0</type>
							</style>
							<subscriber_queue_size>100</subscriber_queue_size>
							<title>Radius2</title>
						</curve_3>
						<curve_4>
							<axes>
								<x_axis>
									<field></field>
									<field_type>1</field_type>
									<scale>
										<absolute_maximum>1000</absolute_maximum>
										<absolute_minimum>0</absolute_minimum>
										<relative_maximum>0</relative_maximum>
										<relative_minimum>-40</relative_minimum>
										<type>2</type>
									</scale>
									<topic>/gazebo_muscle_interface/robobrain_mouse/muscle_states</topic>
									<type>gazebo_ros_muscle_interface/MuscleStates</type>
								</x_axis>
								<y_axis>
									<field>muscles/4/force</field>
									<field_type>0</field_type>
									<scale>
										<absolute_maximum>1000</absolute_maximum>
										<absolute_minimum>0</absolute_minimum>
										<relative_maximum>0</relative_maximum>
										<relative_minimum>-1000</relative_minimum>
										<type>0</type>
									</scale>
									<topic>/gazebo_muscle_interface/robobrain_mouse/muscle_states</topic>
									<type>gazebo_ros_muscle_interface/MuscleStates</type>
								</y_axis>
							</axes>
							<color>
								<custom_color>#000000</custom_color>
								<type>0</type>
							</color>
							<data>
								<circular_buffer_capacity>1000</circular_buffer_capacity>
								<time_frame_length>10</time_frame_length>
								<type>0</type>
							</data>
							<style>
								<lines_interpolate>false</lines_interpolate>
								<pen_style>1</pen_style>
								<pen_width>1</pen_width>
								<render_antialias>true</render_antialias>
								<steps_invert>false</steps_invert>
								<sticks_baseline>0</sticks_baseline>
								<sticks_orientation>2</sticks_orientation>
								<type>0</type>
							</style>
							<subscriber_queue_size>100</subscriber_queue_size>
							<title>Humerus1</title>
						</curve_4>
						<curve_5>
							<axes>
								<x_axis>
									<field></field>
									<field_type>1</field_type>
									<scale>
										<absolute_maximum>1000</absolute_maximum>
										<absolute_minimum>0</absolute_minimum>
										<relative_maximum>0</relative_maximum>
										<relative_minimum>-40</relative_minimum>
										<type>2</type>
									</scale>
									<topic>/gazebo_muscle_interface/robobrain_mouse/muscle_states</topic>
									<type>gazebo_ros_muscle_interface/MuscleStates</type>
								</x_axis>
								<y_axis>
									<field>muscles/5/force</field>
									<field_type>0</field_type>
									<scale>
										<absolute_maximum>1000</absolute_maximum>
										<absolute_minimum>0</absolute_minimum>
										<relative_maximum>0</relative_maximum>
										<relative_minimum>-1000</relative_minimum>
										<type>0</type>
									</scale>
									<topic>/gazebo_muscle_interface/robobrain_mouse/muscle_states</topic>
									<type>gazebo_ros_muscle_interface/MuscleStates</type>
								</y_axis>
							</axes>
							<color>
								<custom_color>#000000</custom_color>
								<type>0</type>
							</color>
							<data>
								<circular_buffer_capacity>1000</circular_buffer_capacity>
								<time_frame_length>10</time_frame_length>
								<type>0</type>
							</data>
							<style>
								<lines_interpolate>false</lines_interpolate>
								<pen_style>1</pen_style>
								<pen_width>1</pen_width>
								<render_antialias>true</render_antialias>
								<steps_invert>false</steps_invert>
								<sticks_baseline>0</sticks_baseline>
								<sticks_orientation>2</sticks_orientation>
								<type>0</type>
							</style>
							<subscriber_queue_size>100</subscriber_queue_size>
							<title>Humerus2</title>
						</curve_5>
					</curves>
					<legend>
						<visible>true</visible>
					</legend>
					<plot_rate>30</plot_rate>
					<title>Muscle Sensors force</title>
				</column_1>
			</row_1>
			<row_2>
			</row_2>
        </plots>
        <track_points>false</track_points>
    </table>
</rqt_multiplot>