<?xml version="1.0" encoding="UTF-8"?>
<rqt_multiplot>
    <table>
        <background_color>#000000</background_color>
        <foreground_color>#eeeeec</foreground_color>
        <link_cursor>false</link_cursor>
        <link_scale>false</link_scale>
        <plots>
			<row_0>
				<column_0>
					<axes>
						<axes>
							<x_axis>
								<custom_title>time</custom_title>
								<title_type>0</title_type>
								<title_visible>true</title_visible>
							</x_axis>
							<y_axis>
								<custom_title>sensors</custom_title>
								<title_type>0</title_type>
								<title_visible>true</title_visible>
							</y_axis>
						</axes>
					</axes>
					<curves>
						<curve_0>
							<axes>
								<x_axis>
									<field></field>
									<field_type>1</field_type>
									<scale>
										<absolute_maximum>1000</absolute_maximum>
										<absolute_minimum>0</absolute_minimum>
										<relative_maximum>0</relative_maximum>
										<relative_minimum>-40</relative_minimum>
										<type>2</type>
									</scale>
									<topic>/robobrain_mouse/foot_joystickcmd_pos</topic>
									<type>std_msgs/Float64</type>
								</x_axis>
								<y_axis>
									<field>data</field>
									<field_type>0</field_type>
									<scale>
										<absolute_maximum>1000</absolute_maximum>
										<absolute_minimum>0</absolute_minimum>
										<relative_maximum>0</relative_maximum>
										<relative_minimum>-1000</relative_minimum>
										<type>0</type>
									</scale>
									<topic>/robobrain_mouse/foot_joystickcmd_pos</topic>
									<type>std_msgs/Float64</type>
								</y_axis>
							</axes>
							<color>
								<custom_color>#000000</custom_color>
								<type>0</type>
							</color>
							<data>
								<circular_buffer_capacity>1000</circular_buffer_capacity>
								<time_frame_length>10</time_frame_length>
								<type>0</type>
							</data>
							<style>
								<lines_interpolate>false</lines_interpolate>
								<pen_style>1</pen_style>
								<pen_width>1</pen_width>
								<render_antialias>true</render_antialias>
								<steps_invert>false</steps_invert>
								<sticks_baseline>0</sticks_baseline>
								<sticks_orientation>2</sticks_orientation>
								<type>0</type>
							</style>
							<subscriber_queue_size>100</subscriber_queue_size>
							<title>foot_joystick</title>
						</curve_0>
						<curve_1>
							<axes>
								<x_axis>
									<field></field>
									<field_type>1</field_type>
									<scale>
										<absolute_maximum>1000</absolute_maximum>
										<absolute_minimum>0</absolute_minimum>
										<relative_maximum>0</relative_maximum>
										<relative_minimum>-40</relative_minimum>
										<type>2</type>
									</scale>
									<topic>/robobrain_mouse/humerus_helper_jointcmd_pos</topic>
									<type>std_msgs/Float64</type>
								</x_axis>
								<y_axis>
									<field>data</field>
									<field_type>0</field_type>
									<scale>
										<absolute_maximum>1000</absolute_maximum>
										<absolute_minimum>0</absolute_minimum>
										<relative_maximum>0</relative_maximum>
										<relative_minimum>-1000</relative_minimum>
										<type>0</type>
									</scale>
									<topic>/robobrain_mouse/humerus_helper_jointcmd_pos</topic>
									<type>std_msgs/Float64</type>
								</y_axis>
							</axes>
							<color>
								<custom_color>#000000</custom_color>
								<type>0</type>
							</color>
							<data>
								<circular_buffer_capacity>1000</circular_buffer_capacity>
								<time_frame_length>10</time_frame_length>
								<type>0</type>
							</data>
							<style>
								<lines_interpolate>false</lines_interpolate>
								<pen_style>1</pen_style>
								<pen_width>1</pen_width>
								<render_antialias>true</render_antialias>
								<steps_invert>false</steps_invert>
								<sticks_baseline>0</sticks_baseline>
								<sticks_orientation>2</sticks_orientation>
								<type>0</type>
							</style>
							<subscriber_queue_size>100</subscriber_queue_size>
							<title>humerus_helper_joint</title>
						</curve_1>
						<curve_2>
							<axes>
								<x_axis>
									<field></field>
									<field_type>1</field_type>
									<scale>
										<absolute_maximum>1000</absolute_maximum>
										<absolute_minimum>0</absolute_minimum>
										<relative_maximum>0</relative_maximum>
										<relative_minimum>-40</relative_minimum>
										<type>2</type>
									</scale>
									<topic>/robobrain_mouse/humerus_radiuscmd_pos</topic>
									<type>std_msgs/Float64</type>
								</x_axis>
								<y_axis>
									<field>data</field>
									<field_type>0</field_type>
									<scale>
										<absolute_maximum>1000</absolute_maximum>
										<absolute_minimum>0</absolute_minimum>
										<relative_maximum>0</relative_maximum>
										<relative_minimum>-1000</relative_minimum>
										<type>0</type>
									</scale>
									<topic>/robobrain_mouse/humerus_radiuscmd_pos</topic>
									<type>std_msgs/Float64</type>
								</y_axis>
							</axes>
							<color>
								<custom_color>#000000</custom_color>
								<type>0</type>
							</color>
							<data>
								<circular_buffer_capacity>1000</circular_buffer_capacity>
								<time_frame_length>10</time_frame_length>
								<type>0</type>
							</data>
							<style>
								<lines_interpolate>false</lines_interpolate>
								<pen_style>1</pen_style>
								<pen_width>1</pen_width>
								<render_antialias>true</render_antialias>
								<steps_invert>false</steps_invert>
								<sticks_baseline>0</sticks_baseline>
								<sticks_orientation>2</sticks_orientation>
								<type>0</type>
							</style>
							<subscriber_queue_size>100</subscriber_queue_size>
							<title>humerus_radius</title>
						</curve_2>
						<curve_3>
							<axes>
								<x_axis>
									<field></field>
									<field_type>1</field_type>
									<scale>
										<absolute_maximum>1000</absolute_maximum>
										<absolute_minimum>0</absolute_minimum>
										<relative_maximum>0</relative_maximum>
										<relative_minimum>-40</relative_minimum>
										<type>2</type>
									</scale>
									<topic>/robobrain_mouse/joystick_helper_jointcmd_pos</topic>
									<type>std_msgs/Float64</type>
								</x_axis>
								<y_axis>
									<field>data</field>
									<field_type>0</field_type>
									<scale>
										<absolute_maximum>1000</absolute_maximum>
										<absolute_minimum>0</absolute_minimum>
										<relative_maximum>0</relative_maximum>
										<relative_minimum>-1000</relative_minimum>
										<type>0</type>
									</scale>
									<topic>/robobrain_mouse/joystick_helper_jointcmd_pos</topic>
									<type>std_msgs/Float64</type>
								</y_axis>
							</axes>
							<color>
								<custom_color>#000000</custom_color>
								<type>0</type>
							</color>
							<data>
								<circular_buffer_capacity>1000</circular_buffer_capacity>
								<time_frame_length>10</time_frame_length>
								<type>0</type>
							</data>
							<style>
								<lines_interpolate>false</lines_interpolate>
								<pen_style>1</pen_style>
								<pen_width>1</pen_width>
								<render_antialias>true</render_antialias>
								<steps_invert>false</steps_invert>
								<sticks_baseline>0</sticks_baseline>
								<sticks_orientation>2</sticks_orientation>
								<type>0</type>
							</style>
							<subscriber_queue_size>100</subscriber_queue_size>
							<title>joystick_helper_joint</title>
						</curve_3>
						<curve_4>
							<axes>
								<x_axis>
									<field></field>
									<field_type>1</field_type>
									<scale>
										<absolute_maximum>1000</absolute_maximum>
										<absolute_minimum>0</absolute_minimum>
										<relative_maximum>0</relative_maximum>
										<relative_minimum>-40</relative_minimum>
										<type>2</type>
									</scale>
									<topic>/robobrain_mouse/joystick_world_jointcmd_pos</topic>
									<type>std_msgs/Float64</type>
								</x_axis>
								<y_axis>
									<field>data</field>
									<field_type>0</field_type>
									<scale>
										<absolute_maximum>1000</absolute_maximum>
										<absolute_minimum>0</absolute_minimum>
										<relative_maximum>0</relative_maximum>
										<relative_minimum>-1000</relative_minimum>
										<type>0</type>
									</scale>
									<topic>/robobrain_mouse/joystick_world_jointcmd_pos</topic>
									<type>std_msgs/Float64</type>
								</y_axis>
							</axes>
							<color>
								<custom_color>#000000</custom_color>
								<type>0</type>
							</color>
							<data>
								<circular_buffer_capacity>1000</circular_buffer_capacity>
								<time_frame_length>10</time_frame_length>
								<type>0</type>
							</data>
							<style>
								<lines_interpolate>false</lines_interpolate>
								<pen_style>1</pen_style>
								<pen_width>1</pen_width>
								<render_antialias>true</render_antialias>
								<steps_invert>false</steps_invert>
								<sticks_baseline>0</sticks_baseline>
								<sticks_orientation>2</sticks_orientation>
								<type>0</type>
							</style>
							<subscriber_queue_size>100</subscriber_queue_size>
							<title>joystick_world_joint</title>
						</curve_4>
						<curve_5>
							<axes>
								<x_axis>
									<field></field>
									<field_type>1</field_type>
									<scale>
										<absolute_maximum>1000</absolute_maximum>
										<absolute_minimum>0</absolute_minimum>
										<relative_maximum>0</relative_maximum>
										<relative_minimum>-40</relative_minimum>
										<type>2</type>
									</scale>
									<topic>/robobrain_mouse/radius_footcmd_pos</topic>
									<type>std_msgs/Float64</type>
								</x_axis>
								<y_axis>
									<field>data</field>
									<field_type>0</field_type>
									<scale>
										<absolute_maximum>1000</absolute_maximum>
										<absolute_minimum>0</absolute_minimum>
										<relative_maximum>0</relative_maximum>
										<relative_minimum>-1000</relative_minimum>
										<type>0</type>
									</scale>
									<topic>/robobrain_mouse/radius_footcmd_pos</topic>
									<type>std_msgs/Float64</type>
								</y_axis>
							</axes>
							<color>
								<custom_color>#000000</custom_color>
								<type>0</type>
							</color>
							<data>
								<circular_buffer_capacity>1000</circular_buffer_capacity>
								<time_frame_length>10</time_frame_length>
								<type>0</type>
							</data>
							<style>
								<lines_interpolate>false</lines_interpolate>
								<pen_style>1</pen_style>
								<pen_width>1</pen_width>
								<render_antialias>true</render_antialias>
								<steps_invert>false</steps_invert>
								<sticks_baseline>0</sticks_baseline>
								<sticks_orientation>2</sticks_orientation>
								<type>0</type>
							</style>
							<subscriber_queue_size>100</subscriber_queue_size>
							<title>radius_foot</title>
						</curve_5>
						<curve_6>
							<axes>
								<x_axis>
									<field></field>
									<field_type>1</field_type>
									<scale>
										<absolute_maximum>1000</absolute_maximum>
										<absolute_minimum>0</absolute_minimum>
										<relative_maximum>0</relative_maximum>
										<relative_minimum>-40</relative_minimum>
										<type>2</type>
									</scale>
									<topic>/robobrain_mouse/world_humeruscmd_pos</topic>
									<type>std_msgs/Float64</type>
								</x_axis>
								<y_axis>
									<field>data</field>
									<field_type>0</field_type>
									<scale>
										<absolute_maximum>1000</absolute_maximum>
										<absolute_minimum>0</absolute_minimum>
										<relative_maximum>0</relative_maximum>
										<relative_minimum>-1000</relative_minimum>
										<type>0</type>
									</scale>
									<topic>/robobrain_mouse/world_humeruscmd_pos</topic>
									<type>std_msgs/Float64</type>
								</y_axis>
							</axes>
							<color>
								<custom_color>#000000</custom_color>
								<type>0</type>
							</color>
							<data>
								<circular_buffer_capacity>1000</circular_buffer_capacity>
								<time_frame_length>10</time_frame_length>
								<type>0</type>
							</data>
							<style>
								<lines_interpolate>false</lines_interpolate>
								<pen_style>1</pen_style>
								<pen_width>1</pen_width>
								<render_antialias>true</render_antialias>
								<steps_invert>false</steps_invert>
								<sticks_baseline>0</sticks_baseline>
								<sticks_orientation>2</sticks_orientation>
								<type>0</type>
							</style>
							<subscriber_queue_size>100</subscriber_queue_size>
							<title>world_humerus</title>
						</curve_6>
					</curves>
					<legend>
						<visible>true</visible>
					</legend>
					<plot_rate>30</plot_rate>
					<title>Joint actuation</title>
				</column_0>
				<column_1>
					<axes>
						<axes>
							<x_axis>
								<custom_title>time</custom_title>
								<title_type>0</title_type>
								<title_visible>true</title_visible>
							</x_axis>
							<y_axis>
								<custom_title>sensors</custom_title>
								<title_type>0</title_type>
								<title_visible>true</title_visible>
							</y_axis>
						</axes>
					</axes>
					<curves>
						<curve_0>
							<axes>
								<x_axis>
									<field></field>
									<field_type>1</field_type>
									<scale>
										<absolute_maximum>1000</absolute_maximum>
										<absolute_minimum>0</absolute_minimum>
										<relative_maximum>0</relative_maximum>
										<relative_minimum>-40</relative_minimum>
										<type>2</type>
									</scale>
									<topic>/robobrain_mouse/joint_states</topic>
									<type>sensor_msgs/JointState</type>
								</x_axis>
								<y_axis>
									<field>position/0</field>
									<field_type>0</field_type>
									<scale>
										<absolute_maximum>1000</absolute_maximum>
										<absolute_minimum>0</absolute_minimum>
										<relative_maximum>0</relative_maximum>
										<relative_minimum>-1000</relative_minimum>
										<type>0</type>
									</scale>
									<topic>/robobrain_mouse/joint_states</topic>
									<type>sensor_msgs/JointState</type>
								</y_axis>
							</axes>
							<color>
								<custom_color>#000000</custom_color>
								<type>0</type>
							</color>
							<data>
								<circular_buffer_capacity>1000</circular_buffer_capacity>
								<time_frame_length>10</time_frame_length>
								<type>0</type>
							</data>
							<style>
								<lines_interpolate>false</lines_interpolate>
								<pen_style>1</pen_style>
								<pen_width>1</pen_width>
								<render_antialias>true</render_antialias>
								<steps_invert>false</steps_invert>
								<sticks_baseline>0</sticks_baseline>
								<sticks_orientation>2</sticks_orientation>
								<type>0</type>
							</style>
							<subscriber_queue_size>100</subscriber_queue_size>
							<title>foot_joystick</title>
						</curve_0>
						<curve_1>
							<axes>
								<x_axis>
									<field></field>
									<field_type>1</field_type>
									<scale>
										<absolute_maximum>1000</absolute_maximum>
										<absolute_minimum>0</absolute_minimum>
										<relative_maximum>0</relative_maximum>
										<relative_minimum>-40</relative_minimum>
										<type>2</type>
									</scale>
									<topic>/robobrain_mouse/joint_states</topic>
									<type>sensor_msgs/JointState</type>
								</x_axis>
								<y_axis>
									<field>position/1</field>
									<field_type>0</field_type>
									<scale>
										<absolute_maximum>1000</absolute_maximum>
										<absolute_minimum>0</absolute_minimum>
										<relative_maximum>0</relative_maximum>
										<relative_minimum>-1000</relative_minimum>
										<type>0</type>
									</scale>
									<topic>/robobrain_mouse/joint_states</topic>
									<type>sensor_msgs/JointState</type>
								</y_axis>
							</axes>
							<color>
								<custom_color>#000000</custom_color>
								<type>0</type>
							</color>
							<data>
								<circular_buffer_capacity>1000</circular_buffer_capacity>
								<time_frame_length>10</time_frame_length>
								<type>0</type>
							</data>
							<style>
								<lines_interpolate>false</lines_interpolate>
								<pen_style>1</pen_style>
								<pen_width>1</pen_width>
								<render_antialias>true</render_antialias>
								<steps_invert>false</steps_invert>
								<sticks_baseline>0</sticks_baseline>
								<sticks_orientation>2</sticks_orientation>
								<type>0</type>
							</style>
							<subscriber_queue_size>100</subscriber_queue_size>
							<title>humerus_helper_joint</title>
						</curve_1>
						<curve_2>
							<axes>
								<x_axis>
									<field></field>
									<field_type>1</field_type>
									<scale>
										<absolute_maximum>1000</absolute_maximum>
										<absolute_minimum>0</absolute_minimum>
										<relative_maximum>0</relative_maximum>
										<relative_minimum>-40</relative_minimum>
										<type>2</type>
									</scale>
									<topic>/robobrain_mouse/joint_states</topic>
									<type>sensor_msgs/JointState</type>
								</x_axis>
								<y_axis>
									<field>position/2</field>
									<field_type>0</field_type>
									<scale>
										<absolute_maximum>1000</absolute_maximum>
										<absolute_minimum>0</absolute_minimum>
										<relative_maximum>0</relative_maximum>
										<relative_minimum>-1000</relative_minimum>
										<type>0</type>
									</scale>
									<topic>/robobrain_mouse/joint_states</topic>
									<type>sensor_msgs/JointState</type>
								</y_axis>
							</axes>
							<color>
								<custom_color>#000000</custom_color>
								<type>0</type>
							</color>
							<data>
								<circular_buffer_capacity>1000</circular_buffer_capacity>
								<time_frame_length>10</time_frame_length>
								<type>0</type>
							</data>
							<style>
								<lines_interpolate>false</lines_interpolate>
								<pen_style>1</pen_style>
								<pen_width>1</pen_width>
								<render_antialias>true</render_antialias>
								<steps_invert>false</steps_invert>
								<sticks_baseline>0</sticks_baseline>
								<sticks_orientation>2</sticks_orientation>
								<type>0</type>
							</style>
							<subscriber_queue_size>100</subscriber_queue_size>
							<title>humerus_radius</title>
						</curve_2>
						<curve_3>
							<axes>
								<x_axis>
									<field></field>
									<field_type>1</field_type>
									<scale>
										<absolute_maximum>1000</absolute_maximum>
										<absolute_minimum>0</absolute_minimum>
										<relative_maximum>0</relative_maximum>
										<relative_minimum>-40</relative_minimum>
										<type>2</type>
									</scale>
									<topic>/robobrain_mouse/joint_states</topic>
									<type>sensor_msgs/JointState</type>
								</x_axis>
								<y_axis>
									<field>position/3</field>
									<field_type>0</field_type>
									<scale>
										<absolute_maximum>1000</absolute_maximum>
										<absolute_minimum>0</absolute_minimum>
										<relative_maximum>0</relative_maximum>
										<relative_minimum>-1000</relative_minimum>
										<type>0</type>
									</scale>
									<topic>/robobrain_mouse/joint_states</topic>
									<type>sensor_msgs/JointState</type>
								</y_axis>
							</axes>
							<color>
								<custom_color>#000000</custom_color>
								<type>0</type>
							</color>
							<data>
								<circular_buffer_capacity>1000</circular_buffer_capacity>
								<time_frame_length>10</time_frame_length>
								<type>0</type>
							</data>
							<style>
								<lines_interpolate>false</lines_interpolate>
								<pen_style>1</pen_style>
								<pen_width>1</pen_width>
								<render_antialias>true</render_antialias>
								<steps_invert>false</steps_invert>
								<sticks_baseline>0</sticks_baseline>
								<sticks_orientation>2</sticks_orientation>
								<type>0</type>
							</style>
							<subscriber_queue_size>100</subscriber_queue_size>
							<title>joystick_helper_joint</title>
						</curve_3>
						<curve_4>
							<axes>
								<x_axis>
									<field></field>
									<field_type>1</field_type>
									<scale>
										<absolute_maximum>1000</absolute_maximum>
										<absolute_minimum>0</absolute_minimum>
										<relative_maximum>0</relative_maximum>
										<relative_minimum>-40</relative_minimum>
										<type>2</type>
									</scale>
									<topic>/robobrain_mouse/joint_states</topic>
									<type>sensor_msgs/JointState</type>
								</x_axis>
								<y_axis>
									<field>position/4</field>
									<field_type>0</field_type>
									<scale>
										<absolute_maximum>1000</absolute_maximum>
										<absolute_minimum>0</absolute_minimum>
										<relative_maximum>0</relative_maximum>
										<relative_minimum>-1000</relative_minimum>
										<type>0</type>
									</scale>
									<topic>/robobrain_mouse/joint_states</topic>
									<type>sensor_msgs/JointState</type>
								</y_axis>
							</axes>
							<color>
								<custom_color>#000000</custom_color>
								<type>0</type>
							</color>
							<data>
								<circular_buffer_capacity>1000</circular_buffer_capacity>
								<time_frame_length>10</time_frame_length>
								<type>0</type>
							</data>
							<style>
								<lines_interpolate>false</lines_interpolate>
								<pen_style>1</pen_style>
								<pen_width>1</pen_width>
								<render_antialias>true</render_antialias>
								<steps_invert>false</steps_invert>
								<sticks_baseline>0</sticks_baseline>
								<sticks_orientation>2</sticks_orientation>
								<type>0</type>
							</style>
							<subscriber_queue_size>100</subscriber_queue_size>
							<title>joystick_world_joint</title>
						</curve_4>
						<curve_5>
							<axes>
								<x_axis>
									<field></field>
									<field_type>1</field_type>
									<scale>
										<absolute_maximum>1000</absolute_maximum>
										<absolute_minimum>0</absolute_minimum>
										<relative_maximum>0</relative_maximum>
										<relative_minimum>-40</relative_minimum>
										<type>2</type>
									</scale>
									<topic>/robobrain_mouse/joint_states</topic>
									<type>sensor_msgs/JointState</type>
								</x_axis>
								<y_axis>
									<field>position/5</field>
									<field_type>0</field_type>
									<scale>
										<absolute_maximum>1000</absolute_maximum>
										<absolute_minimum>0</absolute_minimum>
										<relative_maximum>0</relative_maximum>
										<relative_minimum>-1000</relative_minimum>
										<type>0</type>
									</scale>
									<topic>/robobrain_mouse/joint_states</topic>
									<type>sensor_msgs/JointState</type>
								</y_axis>
							</axes>
							<color>
								<custom_color>#000000</custom_color>
								<type>0</type>
							</color>
							<data>
								<circular_buffer_capacity>1000</circular_buffer_capacity>
								<time_frame_length>10</time_frame_length>
								<type>0</type>
							</data>
							<style>
								<lines_interpolate>false</lines_interpolate>
								<pen_style>1</pen_style>
								<pen_width>1</pen_width>
								<render_antialias>true</render_antialias>
								<steps_invert>false</steps_invert>
								<sticks_baseline>0</sticks_baseline>
								<sticks_orientation>2</sticks_orientation>
								<type>0</type>
							</style>
							<subscriber_queue_size>100</subscriber_queue_size>
							<title>radius_foot</title>
						</curve_5>
						<curve_6>
							<axes>
								<x_axis>
									<field></field>
									<field_type>1</field_type>
									<scale>
										<absolute_maximum>1000</absolute_maximum>
										<absolute_minimum>0</absolute_minimum>
										<relative_maximum>0</relative_maximum>
										<relative_minimum>-40</relative_minimum>
										<type>2</type>
									</scale>
									<topic>/robobrain_mouse/joint_states</topic>
									<type>sensor_msgs/JointState</type>
								</x_axis>
								<y_axis>
									<field>position/6</field>
									<field_type>0</field_type>
									<scale>
										<absolute_maximum>1000</absolute_maximum>
										<absolute_minimum>0</absolute_minimum>
										<relative_maximum>0</relative_maximum>
										<relative_minimum>-1000</relative_minimum>
										<type>0</type>
									</scale>
									<topic>/robobrain_mouse/joint_states</topic>
									<type>sensor_msgs/JointState</type>
								</y_axis>
							</axes>
							<color>
								<custom_color>#000000</custom_color>
								<type>0</type>
							</color>
							<data>
								<circular_buffer_capacity>1000</circular_buffer_capacity>
								<time_frame_length>10</time_frame_length>
								<type>0</type>
							</data>
							<style>
								<lines_interpolate>false</lines_interpolate>
								<pen_style>1</pen_style>
								<pen_width>1</pen_width>
								<render_antialias>true</render_antialias>
								<steps_invert>false</steps_invert>
								<sticks_baseline>0</sticks_baseline>
								<sticks_orientation>2</sticks_orientation>
								<type>0</type>
							</style>
							<subscriber_queue_size>100</subscriber_queue_size>
							<title>world_humerus</title>
						</curve_6>
					</curves>
					<legend>
						<visible>true</visible>
					</legend>
					<plot_rate>30</plot_rate>
					<title>Joint position</title>
				</column_1>
			</row_0>
			<row_1>
				<column_0>
					<axes>
						<axes>
							<x_axis>
								<custom_title>time</custom_title>
								<title_type>0</title_type>
								<title_visible>true</title_visible>
							</x_axis>
							<y_axis>
								<custom_title>sensors</custom_title>
								<title_type>0</title_type>
								<title_visible>true</title_visible>
							</y_axis>
						</axes>
					</axes>
					<curves>
						<curve_0>
							<axes>
								<x_axis>
									<field></field>
									<field_type>1</field_type>
									<scale>
										<absolute_maximum>1000</absolute_maximum>
										<absolute_minimum>0</absolute_minimum>
										<relative_maximum>0</relative_maximum>
										<relative_minimum>-40</relative_minimum>
										<type>2</type>
									</scale>
									<topic>/robobrain_mouse/joint_states</topic>
									<type>sensor_msgs/JointState</type>
								</x_axis>
								<y_axis>
									<field>position/0</field>
									<field_type>0</field_type>
									<scale>
										<absolute_maximum>1000</absolute_maximum>
										<absolute_minimum>0</absolute_minimum>
										<relative_maximum>0</relative_maximum>
										<relative_minimum>-1000</relative_minimum>
										<type>0</type>
									</scale>
									<topic>/robobrain_mouse/joint_states</topic>
									<type>sensor_msgs/JointState</type>
								</y_axis>
							</axes>
							<color>
								<custom_color>#000000</custom_color>
								<type>0</type>
							</color>
							<data>
								<circular_buffer_capacity>1000</circular_buffer_capacity>
								<time_frame_length>10</time_frame_length>
								<type>0</type>
							</data>
							<style>
								<lines_interpolate>false</lines_interpolate>
								<pen_style>1</pen_style>
								<pen_width>1</pen_width>
								<render_antialias>true</render_antialias>
								<steps_invert>false</steps_invert>
								<sticks_baseline>0</sticks_baseline>
								<sticks_orientation>2</sticks_orientation>
								<type>0</type>
							</style>
							<subscriber_queue_size>100</subscriber_queue_size>
							<title>foot_joystick</title>
						</curve_0>
						<curve_1>
							<axes>
								<x_axis>
									<field></field>
									<field_type>1</field_type>
									<scale>
										<absolute_maximum>1000</absolute_maximum>
										<absolute_minimum>0</absolute_minimum>
										<relative_maximum>0</relative_maximum>
										<relative_minimum>-40</relative_minimum>
										<type>2</type>
									</scale>
									<topic>/robobrain_mouse/joint_states</topic>
									<type>sensor_msgs/JointState</type>
								</x_axis>
								<y_axis>
									<field>position/1</field>
									<field_type>0</field_type>
									<scale>
										<absolute_maximum>1000</absolute_maximum>
										<absolute_minimum>0</absolute_minimum>
										<relative_maximum>0</relative_maximum>
										<relative_minimum>-1000</relative_minimum>
										<type>0</type>
									</scale>
									<topic>/robobrain_mouse/joint_states</topic>
									<type>sensor_msgs/JointState</type>
								</y_axis>
							</axes>
							<color>
								<custom_color>#000000</custom_color>
								<type>0</type>
							</color>
							<data>
								<circular_buffer_capacity>1000</circular_buffer_capacity>
								<time_frame_length>10</time_frame_length>
								<type>0</type>
							</data>
							<style>
								<lines_interpolate>false</lines_interpolate>
								<pen_style>1</pen_style>
								<pen_width>1</pen_width>
								<render_antialias>true</render_antialias>
								<steps_invert>false</steps_invert>
								<sticks_baseline>0</sticks_baseline>
								<sticks_orientation>2</sticks_orientation>
								<type>0</type>
							</style>
							<subscriber_queue_size>100</subscriber_queue_size>
							<title>humerus_helper_joint</title>
						</curve_1>
						<curve_2>
							<axes>
								<x_axis>
									<field></field>
									<field_type>1</field_type>
									<scale>
										<absolute_maximum>1000</absolute_maximum>
										<absolute_minimum>0</absolute_minimum>
										<relative_maximum>0</relative_maximum>
										<relative_minimum>-40</relative_minimum>
										<type>2</type>
									</scale>
									<topic>/robobrain_mouse/joint_states</topic>
									<type>sensor_msgs/JointState</type>
								</x_axis>
								<y_axis>
									<field>position/2</field>
									<field_type>0</field_type>
									<scale>
										<absolute_maximum>1000</absolute_maximum>
										<absolute_minimum>0</absolute_minimum>
										<relative_maximum>0</relative_maximum>
										<relative_minimum>-1000</relative_minimum>
										<type>0</type>
									</scale>
									<topic>/robobrain_mouse/joint_states</topic>
									<type>sensor_msgs/JointState</type>
								</y_axis>
							</axes>
							<color>
								<custom_color>#000000</custom_color>
								<type>0</type>
							</color>
							<data>
								<circular_buffer_capacity>1000</circular_buffer_capacity>
								<time_frame_length>10</time_frame_length>
								<type>0</type>
							</data>
							<style>
								<lines_interpolate>false</lines_interpolate>
								<pen_style>1</pen_style>
								<pen_width>1</pen_width>
								<render_antialias>true</render_antialias>
								<steps_invert>false</steps_invert>
								<sticks_baseline>0</sticks_baseline>
								<sticks_orientation>2</sticks_orientation>
								<type>0</type>
							</style>
							<subscriber_queue_size>100</subscriber_queue_size>
							<title>humerus_radius</title>
						</curve_2>
						<curve_3>
							<axes>
								<x_axis>
									<field></field>
									<field_type>1</field_type>
									<scale>
										<absolute_maximum>1000</absolute_maximum>
										<absolute_minimum>0</absolute_minimum>
										<relative_maximum>0</relative_maximum>
										<relative_minimum>-40</relative_minimum>
										<type>2</type>
									</scale>
									<topic>/robobrain_mouse/joint_states</topic>
									<type>sensor_msgs/JointState</type>
								</x_axis>
								<y_axis>
									<field>position/3</field>
									<field_type>0</field_type>
									<scale>
										<absolute_maximum>1000</absolute_maximum>
										<absolute_minimum>0</absolute_minimum>
										<relative_maximum>0</relative_maximum>
										<relative_minimum>-1000</relative_minimum>
										<type>0</type>
									</scale>
									<topic>/robobrain_mouse/joint_states</topic>
									<type>sensor_msgs/JointState</type>
								</y_axis>
							</axes>
							<color>
								<custom_color>#000000</custom_color>
								<type>0</type>
							</color>
							<data>
								<circular_buffer_capacity>1000</circular_buffer_capacity>
								<time_frame_length>10</time_frame_length>
								<type>0</type>
							</data>
							<style>
								<lines_interpolate>false</lines_interpolate>
								<pen_style>1</pen_style>
								<pen_width>1</pen_width>
								<render_antialias>true</render_antialias>
								<steps_invert>false</steps_invert>
								<sticks_baseline>0</sticks_baseline>
								<sticks_orientation>2</sticks_orientation>
								<type>0</type>
							</style>
							<subscriber_queue_size>100</subscriber_queue_size>
							<title>joystick_helper_joint</title>
						</curve_3>
						<curve_4>
							<axes>
								<x_axis>
									<field></field>
									<field_type>1</field_type>
									<scale>
										<absolute_maximum>1000</absolute_maximum>
										<absolute_minimum>0</absolute_minimum>
										<relative_maximum>0</relative_maximum>
										<relative_minimum>-40</relative_minimum>
										<type>2</type>
									</scale>
									<topic>/robobrain_mouse/joint_states</topic>
									<type>sensor_msgs/JointState</type>
								</x_axis>
								<y_axis>
									<field>position/4</field>
									<field_type>0</field_type>
									<scale>
										<absolute_maximum>1000</absolute_maximum>
										<absolute_minimum>0</absolute_minimum>
										<relative_maximum>0</relative_maximum>
										<relative_minimum>-1000</relative_minimum>
										<type>0</type>
									</scale>
									<topic>/robobrain_mouse/joint_states</topic>
									<type>sensor_msgs/JointState</type>
								</y_axis>
							</axes>
							<color>
								<custom_color>#000000</custom_color>
								<type>0</type>
							</color>
							<data>
								<circular_buffer_capacity>1000</circular_buffer_capacity>
								<time_frame_length>10</time_frame_length>
								<type>0</type>
							</data>
							<style>
								<lines_interpolate>false</lines_interpolate>
								<pen_style>1</pen_style>
								<pen_width>1</pen_width>
								<render_antialias>true</render_antialias>
								<steps_invert>false</steps_invert>
								<sticks_baseline>0</sticks_baseline>
								<sticks_orientation>2</sticks_orientation>
								<type>0</type>
							</style>
							<subscriber_queue_size>100</subscriber_queue_size>
							<title>joystick_world_joint</title>
						</curve_4>
						<curve_5>
							<axes>
								<x_axis>
									<field></field>
									<field_type>1</field_type>
									<scale>
										<absolute_maximum>1000</absolute_maximum>
										<absolute_minimum>0</absolute_minimum>
										<relative_maximum>0</relative_maximum>
										<relative_minimum>-40</relative_minimum>
										<type>2</type>
									</scale>
									<topic>/robobrain_mouse/joint_states</topic>
									<type>sensor_msgs/JointState</type>
								</x_axis>
								<y_axis>
									<field>position/5</field>
									<field_type>0</field_type>
									<scale>
										<absolute_maximum>1000</absolute_maximum>
										<absolute_minimum>0</absolute_minimum>
										<relative_maximum>0</relative_maximum>
										<relative_minimum>-1000</relative_minimum>
										<type>0</type>
									</scale>
									<topic>/robobrain_mouse/joint_states</topic>
									<type>sensor_msgs/JointState</type>
								</y_axis>
							</axes>
							<color>
								<custom_color>#000000</custom_color>
								<type>0</type>
							</color>
							<data>
								<circular_buffer_capacity>1000</circular_buffer_capacity>
								<time_frame_length>10</time_frame_length>
								<type>0</type>
							</data>
							<style>
								<lines_interpolate>false</lines_interpolate>
								<pen_style>1</pen_style>
								<pen_width>1</pen_width>
								<render_antialias>true</render_antialias>
								<steps_invert>false</steps_invert>
								<sticks_baseline>0</sticks_baseline>
								<sticks_orientation>2</sticks_orientation>
								<type>0</type>
							</style>
							<subscriber_queue_size>100</subscriber_queue_size>
							<title>radius_foot</title>
						</curve_5>
						<curve_6>
							<axes>
								<x_axis>
									<field></field>
									<field_type>1</field_type>
									<scale>
										<absolute_maximum>1000</absolute_maximum>
										<absolute_minimum>0</absolute_minimum>
										<relative_maximum>0</relative_maximum>
										<relative_minimum>-40</relative_minimum>
										<type>2</type>
									</scale>
									<topic>/robobrain_mouse/joint_states</topic>
									<type>sensor_msgs/JointState</type>
								</x_axis>
								<y_axis>
									<field>position/6</field>
									<field_type>0</field_type>
									<scale>
										<absolute_maximum>1000</absolute_maximum>
										<absolute_minimum>0</absolute_minimum>
										<relative_maximum>0</relative_maximum>
										<relative_minimum>-1000</relative_minimum>
										<type>0</type>
									</scale>
									<topic>/robobrain_mouse/joint_states</topic>
									<type>sensor_msgs/JointState</type>
								</y_axis>
							</axes>
							<color>
								<custom_color>#000000</custom_color>
								<type>0</type>
							</color>
							<data>
								<circular_buffer_capacity>1000</circular_buffer_capacity>
								<time_frame_length>10</time_frame_length>
								<type>0</type>
							</data>
							<style>
								<lines_interpolate>false</lines_interpolate>
								<pen_style>1</pen_style>
								<pen_width>1</pen_width>
								<render_antialias>true</render_antialias>
								<steps_invert>false</steps_invert>
								<sticks_baseline>0</sticks_baseline>
								<sticks_orientation>2</sticks_orientation>
								<type>0</type>
							</style>
							<subscriber_queue_size>100</subscriber_queue_size>
							<title>world_humerus</title>
						</curve_6>
					</curves>
					<legend>
						<visible>true</visible>
					</legend>
					<plot_rate>30</plot_rate>
					<title>Joint position</title>
				</column_0>
				<column_1>
					<axes>
						<axes>
							<x_axis>
								<custom_title>time</custom_title>
								<title_type>0</title_type>
								<title_visible>true</title_visible>
							</x_axis>
							<y_axis>
								<custom_title>sensors</custom_title>
								<title_type>0</title_type>
								<title_visible>true</title_visible>
							</y_axis>
						</axes>
					</axes>
					<curves>
						<curve_0>
							<axes>
								<x_axis>
									<field></field>
									<field_type>1</field_type>
									<scale>
										<absolute_maximum>1000</absolute_maximum>
										<absolute_minimum>0</absolute_minimum>
										<relative_maximum>0</relative_maximum>
										<relative_minimum>-40</relative_minimum>
										<type>2</type>
									</scale>
									<topic>/robobrain_mouse/joint_states</topic>
									<type>sensor_msgs/JointState</type>
								</x_axis>
								<y_axis>
									<field>position/0</field>
									<field_type>0</field_type>
									<scale>
										<absolute_maximum>1000</absolute_maximum>
										<absolute_minimum>0</absolute_minimum>
										<relative_maximum>0</relative_maximum>
										<relative_minimum>-1000</relative_minimum>
										<type>0</type>
									</scale>
									<topic>/robobrain_mouse/joint_states</topic>
									<type>sensor_msgs/JointState</type>
								</y_axis>
							</axes>
							<color>
								<custom_color>#000000</custom_color>
								<type>0</type>
							</color>
							<data>
								<circular_buffer_capacity>1000</circular_buffer_capacity>
								<time_frame_length>10</time_frame_length>
								<type>0</type>
							</data>
							<style>
								<lines_interpolate>false</lines_interpolate>
								<pen_style>1</pen_style>
								<pen_width>1</pen_width>
								<render_antialias>true</render_antialias>
								<steps_invert>false</steps_invert>
								<sticks_baseline>0</sticks_baseline>
								<sticks_orientation>2</sticks_orientation>
								<type>0</type>
							</style>
							<subscriber_queue_size>100</subscriber_queue_size>
							<title>foot_joystick</title>
						</curve_0>
						<curve_1>
							<axes>
								<x_axis>
									<field></field>
									<field_type>1</field_type>
									<scale>
										<absolute_maximum>1000</absolute_maximum>
										<absolute_minimum>0</absolute_minimum>
										<relative_maximum>0</relative_maximum>
										<relative_minimum>-40</relative_minimum>
										<type>2</type>
									</scale>
									<topic>/robobrain_mouse/joint_states</topic>
									<type>sensor_msgs/JointState</type>
								</x_axis>
								<y_axis>
									<field>position/1</field>
									<field_type>0</field_type>
									<scale>
										<absolute_maximum>1000</absolute_maximum>
										<absolute_minimum>0</absolute_minimum>
										<relative_maximum>0</relative_maximum>
										<relative_minimum>-1000</relative_minimum>
										<type>0</type>
									</scale>
									<topic>/robobrain_mouse/joint_states</topic>
									<type>sensor_msgs/JointState</type>
								</y_axis>
							</axes>
							<color>
								<custom_color>#000000</custom_color>
								<type>0</type>
							</color>
							<data>
								<circular_buffer_capacity>1000</circular_buffer_capacity>
								<time_frame_length>10</time_frame_length>
								<type>0</type>
							</data>
							<style>
								<lines_interpolate>false</lines_interpolate>
								<pen_style>1</pen_style>
								<pen_width>1</pen_width>
								<render_antialias>true</render_antialias>
								<steps_invert>false</steps_invert>
								<sticks_baseline>0</sticks_baseline>
								<sticks_orientation>2</sticks_orientation>
								<type>0</type>
							</style>
							<subscriber_queue_size>100</subscriber_queue_size>
							<title>humerus_helper_joint</title>
						</curve_1>
						<curve_2>
							<axes>
								<x_axis>
									<field></field>
									<field_type>1</field_type>
									<scale>
										<absolute_maximum>1000</absolute_maximum>
										<absolute_minimum>0</absolute_minimum>
										<relative_maximum>0</relative_maximum>
										<relative_minimum>-40</relative_minimum>
										<type>2</type>
									</scale>
									<topic>/robobrain_mouse/joint_states</topic>
									<type>sensor_msgs/JointState</type>
								</x_axis>
								<y_axis>
									<field>position/2</field>
									<field_type>0</field_type>
									<scale>
										<absolute_maximum>1000</absolute_maximum>
										<absolute_minimum>0</absolute_minimum>
										<relative_maximum>0</relative_maximum>
										<relative_minimum>-1000</relative_minimum>
										<type>0</type>
									</scale>
									<topic>/robobrain_mouse/joint_states</topic>
									<type>sensor_msgs/JointState</type>
								</y_axis>
							</axes>
							<color>
								<custom_color>#000000</custom_color>
								<type>0</type>
							</color>
							<data>
								<circular_buffer_capacity>1000</circular_buffer_capacity>
								<time_frame_length>10</time_frame_length>
								<type>0</type>
							</data>
							<style>
								<lines_interpolate>false</lines_interpolate>
								<pen_style>1</pen_style>
								<pen_width>1</pen_width>
								<render_antialias>true</render_antialias>
								<steps_invert>false</steps_invert>
								<sticks_baseline>0</sticks_baseline>
								<sticks_orientation>2</sticks_orientation>
								<type>0</type>
							</style>
							<subscriber_queue_size>100</subscriber_queue_size>
							<title>humerus_radius</title>
						</curve_2>
						<curve_3>
							<axes>
								<x_axis>
									<field></field>
									<field_type>1</field_type>
									<scale>
										<absolute_maximum>1000</absolute_maximum>
										<absolute_minimum>0</absolute_minimum>
										<relative_maximum>0</relative_maximum>
										<relative_minimum>-40</relative_minimum>
										<type>2</type>
									</scale>
									<topic>/robobrain_mouse/joint_states</topic>
									<type>sensor_msgs/JointState</type>
								</x_axis>
								<y_axis>
									<field>position/3</field>
									<field_type>0</field_type>
									<scale>
										<absolute_maximum>1000</absolute_maximum>
										<absolute_minimum>0</absolute_minimum>
										<relative_maximum>0</relative_maximum>
										<relative_minimum>-1000</relative_minimum>
										<type>0</type>
									</scale>
									<topic>/robobrain_mouse/joint_states</topic>
									<type>sensor_msgs/JointState</type>
								</y_axis>
							</axes>
							<color>
								<custom_color>#000000</custom_color>
								<type>0</type>
							</color>
							<data>
								<circular_buffer_capacity>1000</circular_buffer_capacity>
								<time_frame_length>10</time_frame_length>
								<type>0</type>
							</data>
							<style>
								<lines_interpolate>false</lines_interpolate>
								<pen_style>1</pen_style>
								<pen_width>1</pen_width>
								<render_antialias>true</render_antialias>
								<steps_invert>false</steps_invert>
								<sticks_baseline>0</sticks_baseline>
								<sticks_orientation>2</sticks_orientation>
								<type>0</type>
							</style>
							<subscriber_queue_size>100</subscriber_queue_size>
							<title>joystick_helper_joint</title>
						</curve_3>
						<curve_4>
							<axes>
								<x_axis>
									<field></field>
									<field_type>1</field_type>
									<scale>
										<absolute_maximum>1000</absolute_maximum>
										<absolute_minimum>0</absolute_minimum>
										<relative_maximum>0</relative_maximum>
										<relative_minimum>-40</relative_minimum>
										<type>2</type>
									</scale>
									<topic>/robobrain_mouse/joint_states</topic>
									<type>sensor_msgs/JointState</type>
								</x_axis>
								<y_axis>
									<field>position/4</field>
									<field_type>0</field_type>
									<scale>
										<absolute_maximum>1000</absolute_maximum>
										<absolute_minimum>0</absolute_minimum>
										<relative_maximum>0</relative_maximum>
										<relative_minimum>-1000</relative_minimum>
										<type>0</type>
									</scale>
									<topic>/robobrain_mouse/joint_states</topic>
									<type>sensor_msgs/JointState</type>
								</y_axis>
							</axes>
							<color>
								<custom_color>#000000</custom_color>
								<type>0</type>
							</color>
							<data>
								<circular_buffer_capacity>1000</circular_buffer_capacity>
								<time_frame_length>10</time_frame_length>
								<type>0</type>
							</data>
							<style>
								<lines_interpolate>false</lines_interpolate>
								<pen_style>1</pen_style>
								<pen_width>1</pen_width>
								<render_antialias>true</render_antialias>
								<steps_invert>false</steps_invert>
								<sticks_baseline>0</sticks_baseline>
								<sticks_orientation>2</sticks_orientation>
								<type>0</type>
							</style>
							<subscriber_queue_size>100</subscriber_queue_size>
							<title>joystick_world_joint</title>
						</curve_4>
						<curve_5>
							<axes>
								<x_axis>
									<field></field>
									<field_type>1</field_type>
									<scale>
										<absolute_maximum>1000</absolute_maximum>
										<absolute_minimum>0</absolute_minimum>
										<relative_maximum>0</relative_maximum>
										<relative_minimum>-40</relative_minimum>
										<type>2</type>
									</scale>
									<topic>/robobrain_mouse/joint_states</topic>
									<type>sensor_msgs/JointState</type>
								</x_axis>
								<y_axis>
									<field>position/5</field>
									<field_type>0</field_type>
									<scale>
										<absolute_maximum>1000</absolute_maximum>
										<absolute_minimum>0</absolute_minimum>
										<relative_maximum>0</relative_maximum>
										<relative_minimum>-1000</relative_minimum>
										<type>0</type>
									</scale>
									<topic>/robobrain_mouse/joint_states</topic>
									<type>sensor_msgs/JointState</type>
								</y_axis>
							</axes>
							<color>
								<custom_color>#000000</custom_color>
								<type>0</type>
							</color>
							<data>
								<circular_buffer_capacity>1000</circular_buffer_capacity>
								<time_frame_length>10</time_frame_length>
								<type>0</type>
							</data>
							<style>
								<lines_interpolate>false</lines_interpolate>
								<pen_style>1</pen_style>
								<pen_width>1</pen_width>
								<render_antialias>true</render_antialias>
								<steps_invert>false</steps_invert>
								<sticks_baseline>0</sticks_baseline>
								<sticks_orientation>2</sticks_orientation>
								<type>0</type>
							</style>
							<subscriber_queue_size>100</subscriber_queue_size>
							<title>radius_foot</title>
						</curve_5>
						<curve_6>
							<axes>
								<x_axis>
									<field></field>
									<field_type>1</field_type>
									<scale>
										<absolute_maximum>1000</absolute_maximum>
										<absolute_minimum>0</absolute_minimum>
										<relative_maximum>0</relative_maximum>
										<relative_minimum>-40</relative_minimum>
										<type>2</type>
									</scale>
									<topic>/robobrain_mouse/joint_states</topic>
									<type>sensor_msgs/JointState</type>
								</x_axis>
								<y_axis>
									<field>position/6</field>
									<field_type>0</field_type>
									<scale>
										<absolute_maximum>1000</absolute_maximum>
										<absolute_minimum>0</absolute_minimum>
										<relative_maximum>0</relative_maximum>
										<relative_minimum>-1000</relative_minimum>
										<type>0</type>
									</scale>
									<topic>/robobrain_mouse/joint_states</topic>
									<type>sensor_msgs/JointState</type>
								</y_axis>
							</axes>
							<color>
								<custom_color>#000000</custom_color>
								<type>0</type>
							</color>
							<data>
								<circular_buffer_capacity>1000</circular_buffer_capacity>
								<time_frame_length>10</time_frame_length>
								<type>0</type>
							</data>
							<style>
								<lines_interpolate>false</lines_interpolate>
								<pen_style>1</pen_style>
								<pen_width>1</pen_width>
								<render_antialias>true</render_antialias>
								<steps_invert>false</steps_invert>
								<sticks_baseline>0</sticks_baseline>
								<sticks_orientation>2</sticks_orientation>
								<type>0</type>
							</style>
							<subscriber_queue_size>100</subscriber_queue_size>
							<title>world_humerus</title>
						</curve_6>
					</curves>
					<legend>
						<visible>true</visible>
					</legend>
					<plot_rate>30</plot_rate>
					<title>Joint position</title>
				</column_1>
			</row_1>
			<row_2>
			</row_2>
        </plots>
        <track_points>false</track_points>
    </table>
</rqt_multiplot>